,top;28;ăđí; 309,00 ăđí
,loan;64,5;ăđí; 799,00 ăđí
,party;64,5;ăđí; 799,00 ăđí
,science;64,5;ăđí; 799,00 ăđí
,win;64,5;ăđí; 799,00 ăđí
,accountant;66,5;ăđí;799,00 ăđí
,bid;66,5;ăđí;799,00 ăđí
,cricket;66,5;ăđí; 2 089,00 ăđí
,date;66,5;ăđí; 799,00 ăđí
,download;66,5;ăđí; 799,00 ăđí
,faith;66,5;ăđí; 799,00 ăđí
,racing;66,5;ăđí; 799,00 ăđí
,review;66,5;ăđí; 799,00 ăđí
,stream;66,5;ăđí; 799,00 ăđí
,trade;66,5;ăđí; 799,00 ăđí
,webcam;66,5;ăđí; 799,00 ăđí
;;;
,courses;84;ăđí; 1 149,00 ăđí
,study;84;ăđí; 889,00 ăđí
,black;92,5;ăđí; 1 269,00 ăđí
,blue;92,5;ăđí; 409,00 ăđí
,green;92,5;ăđí; 2 089,00 ăđí
,info;92,5;ăđí; 349,00 ăđí
,kim;92,5;ăđí; 409,00 ăđí
,lgbt;92,5;ăđí; 1 269,00 ăđí
,mobi;92,5;ăđí; 389,00 ăđí
,pet;92,5;ăđí; 409,00 ăđí
,pink;92,5;ăđí; 409,00 ăđí
,poker;92,5;ăđí; 1 269,00 ăđí
,pro;92,5;ăđí; 459,00 ăđí
,promo;92,5;ăđí; 409,00 ăđí
,red;92,5;ăđí; 409,00 ăđí
,shiksha;92,5;ăđí; 409,00 ăđí
,gdn;100;ăđí; 429,00 ăđí
,men;100,5;ăđí; 799,00 ăđí
,click;167,5;ăđí; 199,00 ăđí
,mom;167,5;ăđí; 1 029,00 ăđí
,cat;168;ăđí; 799,00 ăđí
,melbourne;210,5;ăđí; 1 559,00 ăđí
,sydney;210,5;ăđí; 1 559,00 ăđí
,london;225,5;ăđí; 1 329,00 ăđí
,capetown;226,5;ăđí; 309,00 ăđí
,durban;226,5;ăđí; 309,00 ăđí
,joburg;226,5;ăđí; 309,00 ăđí
,global;227;ăđí; 2 089,00 ăđí
,wang;266,5;ăđí; 319,00 ăđí
,xyz;267,5;ăđí; 329,00 ăđí
,shop;281,5;ăđí; 939,00 ăđí
,club;329;ăđí;
,cloud;334,5;ăđí; 599,00 ăđí
,saarland;402;ăđí; 769,00 ăđí
,markets;449,5;ăđí; 1 829,00 ăđí
,live;502,5;ăđí; 599,00 ăđí
,studio;502,5;ăđí; 599,00 ăđí
,video;502,5;ăđí; 599,00 ăđí
,trading;562;ăđí; 2 089,00 ăđí
,ski;1469;ăđí; 1 629,00 ăđí
,tickets;2479;ăđí; 14 749,00 ăđí
;Öĺíŕ;;
